dataset,mse_A,mse_B,mse_log_s,total_mse
test_CALCE,0.007878004742087797,0.015500561072258279,0.19455405354517552,0.2179326193595216
test_HNEI,0.008005969288768535,0.015619639115235241,0.1490295696304511,0.17265517803445488
test_HUST,0.007828942404311394,0.015661778503802615,0.015506390822953315,0.03899711173106732
test_MATR,0.007822499211518638,0.015807992213619098,0.07606794647201405,0.09969843789715178
test_NAion,0.007896146589988157,0.01644725430952875,0.015109968290122006,0.03945336918963891
test_ZNion,0.007799615771961057,0.01569692005379121,0.32426703319998507,0.34776356902573735
