dataset,mse_A,mse_B,mse_log_s,total_mse
test_CALCE,0.007872676240530476,0.015914174790647048,0.0622740058473014,0.08606085687847892
test_HNEI,0.007942949583672958,0.016239046227132927,0.13527122202250882,0.1594532178333147
test_HUST,0.00771349887354355,0.01533970311580311,0.03898462692252026,0.06203782891186692
test_MATR,0.007759295089038996,0.015765482367267117,0.069958221759622,0.09348299921592812
test_ZNion,0.007855728306493396,0.01566164636232677,0.3299897733026206,0.3535071479714407
