folder,battery_count,mse,mae,rmse,mape
test_CALCE,13,0.017035,0.116790,0.130517,0.132553
test_HNEI,14,0.003338,0.045589,0.057773,0.053725
test_HUST,16,0.000373,0.014356,0.019318,0.016203
test_MATR,36,0.002442,0.037700,0.049418,0.041530
test_NAion,38,0.003258,0.042080,0.057082,0.046146
test_ZNion,49,0.007633,0.074675,0.087368,0.082583
