folder,battery_count,mse,mae,rmse,mape
test_CALCE,13,0.009115,0.079510,0.095475,0.090892
test_HNEI,14,0.005636,0.058485,0.075072,0.068632
test_HUST,16,0.000550,0.017891,0.023457,0.020410
test_MATR,36,0.002137,0.033143,0.046225,0.037097
test_NAion,38,0.002069,0.033997,0.045487,0.037104
test_ZNion,49,0.007540,0.074238,0.086830,0.082153
