dataset,total_mse
test_CALCE,0.010675992409233004
test_HNEI,0.010857452475225803
test_HUST,0.010423100351521344
test_MATR,0.010503913988941349
test_NAion,0.010429525894946173
test_ZNion,0.011538685024242592
