dataset,total_mse
test_CALCE,0.008800402149790897
test_HNEI,0.08398117248890634
test_HUST,0.008660497517264056
test_MATR,0.007702062674070476
test_NAion,0.10684151986711904
test_ZNion,0.030170303275126164
