dataset,total_mse
test_CALCE,16598.2867980957
test_HNEI,16883.75084568299
test_HUST,16601.535660046728
test_MATR,16676.17793782552
test_NAion,16801.93675472862
test_ZNion,16652.03759419326
